Workbook

Sheet dashboard
C1: Top 250 IMDB Movies Dashboard

Sheet imdb
A1: tconst | B1: title | C1: year | D1: runtime_min | E1: genres | F1: rating | G1: votes | H1: rank | I1: primary_genre | J1: decade | K1: runtime_category | L1: votes_millions | M1: blockbuster | N1: is_classic2
A2: tt0111161 | B2: The Shawshank Redemption | C2: 1994 | D2: 142 | E2: Drama | F2: 9.3 | G2: 3189547 | H2: 1 | I2: Drama | J2: 1990s | K2: normal | L2: 3.19 | M2: =IF(Table1[[#This Row],[votes]]>500000,"Yes","No") -> Yes | N2: =IF(Table1[[#This Row],[year]]<1980, "Classic", "Modern") -> Modern
A3: tt0068646 | B3: The Godfather | C3: 1972 | D3: 175 | E3: Crime,Drama | F3: 9.2 | G3: 2226753 | H3: 2 | I3: Crime | J3: 1970s | K3: long | L3: 2.23 | M3: =IF(Table1[[#This Row],[votes]]>500000,"Yes","No") -> Yes | N3: =IF(Table1[[#This Row],[year]]<1980, "Classic", "Modern") -> Classic
A4: tt0468569 | B4: The Dark Knight | C4: 2008 | D4: 152 | E4: Action,Crime,Drama | F4: 9.1 | G4: 3168745 | H4: 3 | I4: Action | J4: 2000s | K4: long | L4: 3.17 | M4: =IF(Table1[[#This Row],[votes]]>500000,"Yes","No") -> Yes | N4: =IF(Table1[[#This Row],[year]]<1980, "Classic", "Modern") -> Modern
A5: tt0167260 | B5: The Lord of the Rings: The Return of the King | C5: 2003 | D5: 201 | E5: Adventure,Drama,Fantasy | F5: 9 | G5: 2165290 | H5: 4 | I5: Adventure | J5: 2000s | K5: long | L5: 2.17 | M5: =IF(Table1[[#This Row],[votes]]>500000,"Yes","No") -> Yes | N5: =IF(Table1[[#This Row],[year]]<1980, "Classic", "Modern") -> Modern
A6: tt0108052 | B6: Schindler's List | C6: 1993 | D6: 195 | E6: Biography,Drama,History | F6: 9 | G6: 1586066 | H6: 5 | I6: Biography | J6: 1990s | K6: long | L6: 1.59 | M6: =IF(Table1[[#This Row],[votes]]>500000,"Yes","No") -> Yes | N6: =IF(Table1[[#This Row],[year]]<1980, "Classic", "Modern") -> Modern
A7: tt0071562 | B7: The Godfather Part II | C7: 1974 | D7: 202 | E7: Crime,Drama | F7: 9 | G7: 1495806 | H7: 6 | I7: Crime | J7: 1970s | K7: long | L7: 1.5 | M7: =IF(Table1[[#This Row],[votes]]>500000,"Yes","No") -> Yes | N7: =IF(Table1[[#This Row],[year]]<1980, "Classic", "Modern") -> Classic
A8: tt0050083 | B8: 12 Angry Men | C8: 1957 | D8: 96 | E8: Crime,Drama | F8: 9 | G8: 984634 | H8: 7 | I8: Crime | J8: 1950s | K8: short | L8: 0.98 | M8: =IF(Table1[[#This Row],[votes]]>500000,"Yes","No") -> Yes | N8: =IF(Table1[[#This Row],[year]]<1980, "Classic", "Modern") -> Classic
A9: tt0120737 | B9: The Lord of the Rings: The Fellowship of the Ring | C9: 2001 | D9: 178 | E9: Adventure,Drama,Fantasy | F9: 8.9 | G9: 2207283 | H9: 8 | I9: Adventure | J9: 2000s | K9: long | L9: 2.21 | M9: =IF(Table1[[#This Row],[votes]]>500000,"Yes","No") -> Yes | N9: =IF(Table1[[#This Row],[year]]<1980, "Classic", "Modern") -> Modern
A10: tt1375666 | B10: Inception | C10: 2010 | D10: 148 | E10: Action,Adventure,Sci-Fi | F10: 8.8 | G10: 2817928 | H10: 9 | I10: Action | J10: 2010s | K10: normal | L10: 2.82 | M10: =IF(Table1[[#This Row],[votes]]>500000,"Yes","No") -> Yes | N10: =IF(Table1[[#This Row],[year]]<1980, "Classic", "Modern") -> Modern
A11: tt0137523 | B11: Fight Club | C11: 1999 | D11: 139 | E11: Crime,Drama,Thriller | F11: 8.8 | G11: 2609320 | H11: 10 | I11: Crime | J11: 1990s | K11: normal | L11: 2.61 | M11: =IF(Table1[[#This Row],[votes]]>500000,"Yes","No") -> Yes | N11: =IF(Table1[[#This Row],[year]]<1980, "Classic", "Modern") -> Modern
A12: tt0109830 | B12: Forrest Gump | C12: 1994 | D12: 142 | E12: Drama,Romance | F12: 8.8 | G12: 2497456 | H12: 11 | I12: Drama | J12: 1990s | K12: normal | L12: 2.5 | M12: =IF(Table1[[#This Row],[votes]]>500000,"Yes","No") -> Yes | N12: =IF(Table1[[#This Row],[year]]<1980, "Classic", "Modern") -> Modern
A13: tt0110912 | B13: Pulp Fiction | C13: 1994 | D13: 154 | E13: Crime,Drama | F13: 8.8 | G13: 2435933 | H13: 12 | I13: Crime | J13: 1990s | K13: long | L13: 2.44 | M13: =IF(Table1[[#This Row],[votes]]>500000,"Yes","No") -> Yes | N13: =IF(Table1[[#This Row],[year]]<1980, "Classic", "Modern") -> Modern
... A137: tt0093058 | B137: Full Metal Jacket | C137: 1987 | D137: 116 | E137: Drama,War | F137: 8.2 | G137: 851432 | H137: 136 | I137: Drama | J137: 1980s | K137: normal | L137: 0.85 | M137: =IF(Table1[[#This Row],[votes]]>500000,"Yes","No") -> Yes | N137: =IF(Table1[[#This Row],[year]]<1980, "Classic", "Modern") -> Modern
A138: tt8579674 | B138: 1917 | C138: 2019 | D138: 119 | E138: Action,Drama,War | F138: 8.2 | G138: 771608 | H138: 137 | I138: Action | J138: 2010s | K138: normal | L138: 0.77 | M138: =IF(Table1[[#This Row],[votes]]>500000,"Yes","No") -> Yes | N138: =IF(Table1[[#This Row],[year]]<1980, "Classic", "Modern") -> Modern
A139: tt0457430 | B139: Pan's Labyrinth | C139: 2006 | D139: 118 | E139: Drama,Fantasy,War | F139: 8.2 | G139: 746952 | H139: 138 | I139: Drama | J139: 2000s | K139: normal | L139: 0.75 | M139: =IF(Table1[[#This Row],[votes]]>500000,"Yes","No") -> Yes | N139: =IF(Table1[[#This Row],[year]]<1980, "Classic", "Modern") -> Modern
A140: tt0469494 | B140: There Will Be Blood | C140: 2007 | D140: 158 | E140: Drama | F140: 8.2 | G140: 708783 | H140: 139 | I140: Drama | J140: 2000s | K140: long | L140: 0.71 | M140: =IF(Table1[[#This Row],[votes]]>500000,"Yes","No") -> Yes | N140: =IF(Table1[[#This Row],[year]]<1980, "Classic", "Modern") -> Modern
A141: tt6966692 | B141: Green Book | C141: 2018 | D141: 130 | E141: Biography,Comedy,Drama | F141: 8.2 | G141: 686284 | H141: 140 | I141: Biography | J141: 2010s | K141: normal | L141: 0.69 | M141: =IF(Table1[[#This Row],[votes]]>500000,"Yes","No") -> Yes | N141: =IF(Table1[[#This Row],[year]]<1980, "Classic", "Modern") -> Modern
A142: tt0119488 | B142: L.A. Confidential | C142: 1997 | D142: 138 | E142: Crime,Drama,Mystery | F142: 8.2 | G142: 659531 | H142: 141 | I142: Crime | J142: 1990s | K142: normal | L142: 0.66 | M142: =IF(Table1[[#This Row],[votes]]>500000,"Yes","No") -> Yes | N142: =IF(Table1[[#This Row],[year]]<1980, "Classic", "Modern") -> Modern
A143: tt0112641 | B143: Casino | C143: 1995 | D143: 178 | E143: Crime,Drama | F143: 8.2 | G143: 619776 | H143: 142 | I143: Crime | J143: 1990s | K143: long | L143: 0.62 | M143: =IF(Table1[[#This Row],[votes]]>500000,"Yes","No") -> Yes | N143: =IF(Table1[[#This Row],[year]]<1980, "Classic", "Modern") -> Modern
A144: tt0084787 | B144: The Thing | C144: 1982 | D144: 109 | E144: Horror,Mystery,Sci-Fi | F144: 8.2 | G144: 526938 | H144: 143 | I144: Horror | J144: 1980s | K144: normal | L144: 0.53 | M144: =IF(Table1[[#This Row],[votes]]>500000,"Yes","No") -> Yes | N144: =IF(Table1[[#This Row],[year]]<1980, "Classic", "Modern") -> Modern
A145: tt0347149 | B145: Howl's Moving Castle | C145: 2004 | D145: 119 | E145: Adventure,Animation,Family | F145: 8.2 | G145: 512407 | H145: 144 | I145: Adventure | J145: 2000s | K145: normal | L145: 0.51 | M145: =IF(Table1[[#This Row],[votes]]>500000,"Yes","No") -> Yes | N145: =IF(Table1[[#This Row],[year]]<1980, "Classic", "Modern") -> Modern
A146: tt0033467 | B146: Citizen Kane | C146: 1941 | D146: 119 | E146: Drama,Mystery | F146: 8.2 | G146: 493926 | H146: 145 | I146: Drama | J146: 1940s | K146: normal | L146: 0.49 | M146: =IF(Table1[[#This Row],[votes]]>500000,"Yes","No") -> No | N146: =IF(Table1[[#This Row],[year]]<1980, "Classic", "Modern") -> Classic
A147: tt0105695 | B147: Unforgiven | C147: 1992 | D147: 130 | E147: Drama,Western | F147: 8.2 | G147: 469152 | H147: 146 | I147: Drama | J147: 1990s | K147: normal | L147: 0.47 | M147: =IF(Table1[[#This Row],[votes]]>500000,"Yes","No") -> No | N147: =IF(Table1[[#This Row],[year]]<1980, "Classic", "Modern") -> Modern
A148: tt0052357 | B148: Vertigo | C148: 1958 | D148: 128 | E148: Mystery,Romance,Thriller | F148: 8.2 | G148: 459515 | H148: 147 | I148: Mystery | J148: 1950s | K148: normal | L148: 0.46 | M148: =IF(Table1[[#This Row],[votes]]>500000,"Yes","No") -> No | N148: =IF(Table1[[#This Row],[year]]<1980, "Classic", "Modern") -> Classic
A149: tt0363163 | B149: Downfall | C149: 2004 | D149: 156 | E149: Biography,Drama,History | F149: 8.2 | G149: 400591 | H149: 148 | I149: Biography | J149: 2000s | K149: long | L149: 0.4 | M149: =IF(Table1[[#This Row],[votes]]>500000,"Yes","No") -> No | N149: =IF(Table1[[#This Row],[year]]<1980, "Classic", "Modern") -> Modern
A150: tt0031381 | B150: Gone with the Wind | C150: 1939 | D150: 238 | E150: Drama,Romance,War | F150: 8.2 | G150: 356822 | H150: 149 | I150: Drama | J150: 1930s | K150: long | L150: 0.36 | M150: =IF(Table1[[#This Row],[votes]]>500000,"Yes","No") -> No | N150: =IF(Table1[[#This Row],[year]]<1980, "Classic", "Modern") -> Classic
... A176: tt11032374 | B176: Demon Slayer: Kimetsu no Yaiba - The Movie: Mugen Train | C176: 2020 | D176: 117 | E176: Action,Adventure,Animation | F176: 8.2 | G176: 100755 | H176: 175 | I176: Action | J176: 2020s | K176: normal | L176: 0.1 | M176: =IF(Table1[[#This Row],[votes]]>500000,"Yes","No") -> No | N176: =IF(Table1[[#This Row],[year]]<1980, "Classic", "Modern") -> Modern

Sheet analysis
A1: IMDB Data Analysis
A2: How many Drama movies are there? | B2: =COUNTIF(imdb!I:I, "Drama") -> 50
A3: Average rating for Drama? | B3: =AVERAGEIF(imdb!I:I, "Drama", imdb!F:F) -> 8.376
A4: Highest rated movie? | B4: =MAX(imdb!F:F) -> 9.3
A5: what movie has the highest rating? | B5: =INDEX(imdb!B:B,MATCH(MAX(imdb!F:F),imdb!F:F,0)) -> The Shawshank Redemption
A6: Total blockbuster movie? | B6: =COUNTIF(imdb!M:M, "Yes") -> 105
A7: How many Classic movies are there? | B7: =COUNTIF(imdb!N:N, "Classic") -> 45

Sheet pivot_blockbuster
A3: Row Labels | B3: Count of title
A4: No | B4: 70
A5: Yes | B5: 105
A6: Grand Total | B6: 175

Sheet pivot_classic
A3: Movie Type | B3: Count
A4: Classic | B4: 45
A5: Modern | B5: 130
A6: Grand Total | B6: 175

Sheet pivot_votes
A3: Movie Genre | B3: Average of votes
A4: Mystery | B4: 459515
A5: Horror | B5: 795697
A6: Drama | B6: 741042.04
A7: Crime | B7: 1102885.8
A8: Comedy | B8: 490396.71
A9: Biography | B9: 859815.46
A10: Animation | B10: 306792
A11: Adventure | B11: 1020167.9
A12: Action | B12: 1022957.8
A13: Grand Total | B13: 872852.64

Sheet pivot_runtime
A3: Movie length | B3: Average of rating
A4: long | B4: 8.454902
A5: normal | B5: 8.3675926
A6: short | B6: 8.38125
A7: (blank)
A8: Grand Total | B8: 8.3942857

Sheet pivot_genre
A3: Genre | B3: Average of rating
A4: Action | B4: 8.3833333
A5: Adventure | B5: 8.424
A6: Animation | B6: 8.3666667
A7: Biography | B7: 8.3923077
A8: Comedy | B8: 8.3294118
A9: Crime | B9: 8.4678571
A10: Drama | B10: 8.376
A11: Horror | B11: 8.35
A12: Mystery | B12: 8.2
A13: Grand Total | B13: 8.3942857

Sheet pivot_decade
A3: Year | B3: Number of movies
A4: 1920s | B4: 2
A5: 1930s | B5: 4
A6: 1940s | B6: 7
A7: 1950s | B7: 12
A8: 1960s | B8: 11
A9: 1970s | B9: 9
A10: 1980s | B10: 19
A11: 1990s | B11: 30
A12: 2000s | B12: 34
A13: 2010s | B13: 30
A14: 2020s | B14: 17
A15: (blank)
A16: Grand Total | B16: 175
